{"cameraMode":{"drawMode":0,"name":"Shaded","section":"Shading Mode"},"sceneLighting":true,"audioPlay":false,"sceneViewState":{"showFog":true,"showMaterialUpdate":false,"showSkybox":true,"showFlares":true,"showImageEffects":true,"showParticleSystems":true},"in2DMode":false,"pivot":{"x":-12.26058292388916,"y":12.27944564819336,"z":-13.860174179077149},"rotation":{"x":-0.3799559772014618,"y":-0.17999562621116639,"z":0.07560789585113526,"w":-0.9041857719421387},"size":27.41600227355957,"orthographic":false}