{"cameraMode":{"drawMode":0,"name":"Shaded","section":"Shading Mode"},"sceneLighting":false,"audioPlay":false,"sceneViewState":{"showFog":true,"showMaterialUpdate":false,"showSkybox":true,"showFlares":true,"showImageEffects":true,"showParticleSystems":true},"in2DMode":false,"pivot":{"x":15.744842529296875,"y":0.0,"z":11.483011245727539},"rotation":{"x":0.34060147404670718,"y":0.6336456537246704,"z":-0.3652501404285431,"w":0.5909154415130615},"size":4.9584736824035648,"orthographic":true}