{"cameraMode":{"drawMode":0,"name":"Shaded","section":"Shading Mode"},"sceneLighting":false,"audioPlay":false,"sceneViewState":{"showFog":true,"showMaterialUpdate":false,"showSkybox":true,"showFlares":true,"showImageEffects":true,"showParticleSystems":true},"in2DMode":false,"pivot":{"x":-11.505952835083008,"y":-4.7339911460876469,"z":-1.0881900787353516},"rotation":{"x":-0.031168313696980478,"y":0.8338575959205627,"z":-0.5490727424621582,"w":-0.04732945188879967},"size":14.924650192260743,"orthographic":false}